Class,type,media,min,max,mediana
FALSE,MM1,71.58316481294237,44,104,70
FALSE,MM2,88.70323559150657,43,130,89
FALSE,MM3,97.46840242669363,56,139,98
FALSE,MM4,78.29575328614763,34,109,79
TRUE,MM1,48.839248434237994,40,78,46
TRUE,MM2,39.914405010438415,27,88,34
TRUE,MM3,113.8893528183716,82,139,114
TRUE,MM4,118.31106471816284,67,157,122
