measure,nn,svm
tpr,0.7133757961783439,0.7770700636942676
fnr,0.28662420382165604,0.2229299363057325
fpr,0.2937062937062937,0.34965034965034963
tnr,0.7062937062937062,0.6503496503496503
ppv,0.7272727272727273,0.7093023255813954
fdr,0.2727272727272727,0.2906976744186046
npv,0.6917808219178082,0.7265625
fomr,0.3082191780821918,0.2734375
acc,0.71,0.7166666666666667
lrp,2.4288747346072186,2.2224203821656054
lrm,0.4058144667969982,0.3427847407711801
dor,5.985185185185185,6.483428571428572
