Murder,Assault,UrbanPop,Rape
0.25033467202141907,0.2754946727549467,0.815442561205273,0.2710307206431237
0.6946734305643627,0.7339581831290555,0.6155218554861731,0.5662994696042432
0.1380522088353414,0.10616438356164383,0.3403954802259887,0.11714039621016364
0.3939759036144579,0.3835616438356164,0.5305084745762711,0.3395348837209302
