Murder,Assault,UrbanPop,Rape
0.6124497991967872,0.75,0.7542372881355932,0.679801894918174
0.7914156626506025,0.680222602739726,0.3686440677966102,0.36466408268733846
0.3043940467753367,0.32937147461724414,0.7058823529411765,0.3109895120839033
0.16867469879518074,0.1148577449947313,0.34028683181225555,0.12601868415821904
